sep=;
Year;Month;Day;Hour;Temperature;Pressure;WindSpeed;WindDirection
2022;01;01;00;-9,5;742;2;0
2022;01;01;03;-8,9;740;2;0
2022;01;01;06;-8,6;739;2;0
2022;01;01;09;-7,8;738;3;0
2022;01;01;12;-6,5;736;3;0
2022;01;01;15;-6,1;735;3;0
2022;01;01;18;-6,1;734;1;0
2022;01;01;21;-5,5;734;2;45
2022;01;02;00;-5,4;735;1;45
2022;01;02;03;-5,5;735;1;90
2022;01;02;06;-5,8;735;0;180
2022;01;02;09;-7;735;2;135
2022;01;02;12;-8,2;735;1;180
2022;01;02;15;-8,9;735;1;135
2022;01;02;18;-9,2;735;1;135
2022;01;02;21;-9,5;734;2;90
2022;01;03;00;-9,8;734;2;90
2022;01;03;03;-10,2;734;2;90
2022;01;03;06;-10,6;734;2;90
2022;01;03;09;-11,8;734;1;90
2022;01;03;12;-11,3;734;2;90
2022;01;03;15;-11,7;734;2;90
2022;01;03;18;-12,5;734;3;90
2022;01;03;21;-13,2;734;2;45
2022;01;04;00;-14,1;734;1;45
2022;01;04;03;-13,8;733;3;90
2022;01;04;06;-15;734;2;90
2022;01;04;09;-16,3;735;2;90
2022;01;04;12;-15,6;736;2;90
2022;01;04;15;-18,8;737;2;90
2022;01;04;18;-18,2;738;2;90
2022;01;04;21;-18,7;739;1;45
2022;01;05;00;-22,8;741;1;90
2022;01;05;03;-22,5;742;1;90
2022;01;05;06;-23,7;743;1;45
2022;01;05;09;-24,8;744;0;180
2022;01;05;12;-20,4;745;1;0
2022;01;05;15;-20,3;745;1;315
2022;01;05;18;-20,6;744;2;315
2022;01;05;21;-21,1;744;3;315
2022;01;06;00;-18,6;743;2;315
2022;01;06;03;-17,7;742;3;315
2022;01;06;06;-16;740;4;315
2022;01;06;09;-14,1;737;5;315
2022;01;06;12;-13,5;736;4;315
2022;01;06;15;-12,5;735;3;315
2022;01;06;18;-11,6;734;3;315
2022;01;06;21;-10,8;733;-9999;
2022;01;07;00;-10;733;-9999;
2022;01;07;03;-9,6;733;-9999;
2022;01;07;06;-8,4;733;-9999;
2022;01;07;09;-6,9;733;-9999;
2022;01;07;12;-5,2;733;-9999;
2022;01;07;15;-4,9;732;-9999;
2022;01;07;18;-5,2;733;-9999;
2022;01;07;21;-6,9;734;-9999;
2022;01;08;00;-11,7;736;-9999;
2022;01;08;03;-12,7;737;-9999;
2022;01;08;06;-12,1;738;-9999;
2022;01;08;09;-13,4;740;-9999;
2022;01;08;12;-12,2;743;-9999;
2022;01;08;15;-11,9;745;3;90
2022;01;08;18;-13,8;748;3;90
2022;01;08;21;-13,7;750;3;90
2022;01;09;00;-14,7;752;2;90
2022;01;09;03;-15,8;753;2;45
2022;01;09;06;-16,2;754;2;45
2022;01;09;09;-15;754;2;0
2022;01;09;12;-13;754;2;0
2022;01;09;15;-9,9;753;3;0
2022;01;09;18;-8,4;753;3;0
2022;01;09;21;-7,6;753;3;0
2022;01;10;00;-7,7;753;2;0
2022;01;10;03;-7,4;752;2;0
2022;01;10;06;-8,2;751;2;0
2022;01;10;09;-9,2;751;2;0
2022;01;10;12;-8,7;751;1;0
2022;01;10;15;-8,5;751;1;0
2022;01;10;18;-8,8;751;0;180
2022;01;10;21;-9,3;752;0;180
2022;01;11;00;-8,8;752;2;225
2022;01;11;03;-9;753;3;225
2022;01;11;06;-8,9;753;3;225
2022;01;11;09;-8,8;755;3;225
2022;01;11;12;-9,3;756;4;225
2022;01;11;15;-10,2;757;3;225
2022;01;11;18;-11,8;758;3;225
2022;01;11;21;-13,7;759;3;225
2022;01;12;00;-15;759;2;225
2022;01;12;03;-16,6;760;2;225
2022;01;12;06;-17,2;759;2;225
2022;01;12;09;-18,9;759;2;270
2022;01;12;12;-17;759;1;270
2022;01;12;15;-16,6;759;1;270
2022;01;12;18;-18,8;757;1;270
2022;01;12;21;-18,4;756;2;270
2022;01;13;00;-18,2;754;1;270
2022;01;13;03;-17,1;752;2;315
2022;01;13;06;-14,6;750;2;0
2022;01;13;09;-13,1;747;2;315
2022;01;13;12;-9,9;743;3;0
2022;01;13;15;-9;740;3;0
2022;01;13;18;-8;736;3;0
2022;01;13;21;-6,5;732;4;0
2022;01;14;00;-6;729;4;0
2022;01;14;03;-7;725;2;0
2022;01;14;06;-9,5;723;3;45
2022;01;14;09;-10,9;721;2;0
2022;01;14;12;-10,7;720;2;0
2022;01;14;15;-10,7;719;2;0
2022;01;14;18;-10,6;719;2;0
2022;01;14;21;-12,7;719;1;315
2022;01;15;00;-11,2;720;1;315
2022;01;15;03;-11,4;720;2;315
2022;01;15;06;-11,4;720;1;270
2022;01;15;09;-11,1;721;1;270
2022;01;15;12;-10,3;722;1;180
2022;01;15;15;-10;723;2;180
2022;01;15;18;-10,8;723;2;180
2022;01;15;21;-10,6;724;1;135
2022;01;16;00;-10,1;725;1;135
2022;01;16;03;-9,8;726;1;135
2022;01;16;06;-9,2;727;1;135
2022;01;16;09;-8,3;729;2;135
2022;01;16;12;-7,8;730;2;135
2022;01;16;15;-7,1;731;1;135
2022;01;16;18;-7,2;733;1;135
2022;01;16;21;-8,1;733;1;90
2022;01;17;00;-8,3;733;1;45
2022;01;17;03;-8,9;732;3;45
2022;01;17;06;-8,5;731;3;0
2022;01;17;09;-7,4;730;3;0
2022;01;17;12;-5,8;729;3;45
2022;01;17;15;-5,7;729;2;0
2022;01;17;18;-5,6;729;2;0
2022;01;17;21;-5;730;3;0
2022;01;18;00;-5,4;730;3;0
2022;01;18;03;-5,3;731;2;0
2022;01;18;06;-5,3;732;2;0
2022;01;18;09;-5,1;733;2;0
2022;01;18;12;-3,8;735;2;0
2022;01;18;15;-3,1;736;1;0
2022;01;18;18;-2,9;737;1;0
2022;01;18;21;-2,8;738;2;90
2022;01;19;00;-3,8;740;1;90
2022;01;19;03;-5;741;1;135
2022;01;19;06;-7,1;742;0;180
2022;01;19;09;-7,9;743;1;90
2022;01;19;12;-7,2;744;1;135
2022;01;19;15;-9,7;745;1;90
2022;01;19;18;-14,8;745;0;180
2022;01;19;21;-9,6;745;1;45
2022;01;20;00;-9,7;745;2;45
2022;01;20;03;-10,6;745;2;0
2022;01;20;06;-10,7;744;2;0
2022;01;20;09;-10,5;743;3;0
2022;01;20;12;-8,4;743;3;0
2022;01;20;15;-7,5;742;3;0
2022;01;20;18;-6,6;742;3;0
2022;01;20;21;-5,8;742;3;45
2022;01;21;00;-5,6;743;2;0
2022;01;21;03;-6,1;743;3;0
2022;01;21;06;-7,6;744;3;0
2022;01;21;09;-9,9;745;2;0
2022;01;21;12;-8,9;746;2;0
2022;01;21;15;-8,8;747;1;0
2022;01;21;18;-10;747;3;315
2022;01;21;21;-10,2;748;3;315
2022;01;22;00;-11,6;749;2;315
2022;01;22;03;-12,5;749;3;315
2022;01;22;06;-13,3;750;2;315
2022;01;22;09;-12,9;751;3;315
2022;01;22;12;-11,4;752;3;315
2022;01;22;15;-10,1;752;3;270
2022;01;22;18;-10,8;753;2;270
2022;01;22;21;-10,7;753;2;270
2022;01;23;00;-9,7;754;2;270
2022;01;23;03;-9,4;754;2;270
2022;01;23;06;-8,6;754;2;270
2022;01;23;09;-8,3;755;1;315
2022;01;23;12;-5,8;757;2;0
2022;01;23;15;-6,2;758;1;0
2022;01;23;18;-6,6;759;1;0
2022;01;23;21;-7,8;760;1;45
2022;01;24;00;-9;760;2;45
2022;01;24;03;-9,1;761;2;45
2022;01;24;06;-9,6;761;2;45
2022;01;24;09;-9,9;762;2;45
2022;01;24;12;-9,6;761;2;45
2022;01;24;15;-9,7;760;2;45
2022;01;24;18;-9,7;760;3;45
2022;01;24;21;-9,8;759;4;45
2022;01;25;00;-10,3;758;3;45
2022;01;25;03;-11;756;3;45
2022;01;25;06;-12,6;755;2;45
2022;01;25;09;-12;754;1;0
2022;01;25;12;-9,7;753;2;0
2022;01;25;15;-8,7;752;2;0
2022;01;25;18;-11,9;751;1;0
2022;01;25;21;-12,8;750;1;0
2022;01;26;00;-14,5;750;2;0
2022;01;26;03;-15,2;749;3;315
2022;01;26;06;-15;748;2;315
2022;01;26;09;-15,1;748;2;315
2022;01;26;12;-14,1;747;2;315
2022;01;26;15;-13,2;747;2;315
2022;01;26;18;-13,7;747;1;315
2022;01;26;21;-13,7;747;1;0
2022;01;27;00;-13,5;746;2;90
2022;01;27;03;-14,1;746;1;45
2022;01;27;06;-16,2;746;1;45
2022;01;27;09;-16,2;747;1;45
2022;01;27;12;-13,3;747;1;0
2022;01;27;15;-13,7;748;0;180
2022;01;27;18;-13,6;748;1;0
2022;01;27;21;-14,1;748;1;45
2022;01;28;00;-13,5;748;1;0
2022;01;28;03;-13;748;2;0
2022;01;28;06;-12,7;748;2;0
2022;01;28;09;-12,3;748;2;0
2022;01;28;12;-10,6;748;2;0
2022;01;28;15;-10,6;748;1;315
2022;01;28;18;-12,7;748;3;0
2022;01;28;21;-13;748;2;0
2022;01;29;00;-12,8;748;2;0
2022;01;29;03;-10,3;748;2;315
2022;01;29;06;-11,3;747;2;315
2022;01;29;09;-10,5;747;2;315
2022;01;29;12;-8,6;746;3;315
2022;01;29;15;-8,5;745;2;315
2022;01;29;18;-10,9;744;2;315
2022;01;29;21;-12,8;743;2;315
2022;01;30;00;-14,4;742;1;270
2022;01;30;03;-14,8;741;2;270
2022;01;30;06;-15,3;741;2;270
2022;01;30;09;-14,9;741;2;315
2022;01;30;12;-13,6;741;2;270
2022;01;30;15;-12,5;741;2;315
2022;01;30;18;-14,3;741;1;315
2022;01;30;21;-15,5;742;1;270
2022;01;31;00;-11,8;742;1;270
2022;01;31;03;-10,7;742;1;270
2022;01;31;06;-10,9;742;2;270
2022;01;31;09;-10,4;743;2;315
2022;01;31;12;-9,8;743;2;270
2022;01;31;15;-8,8;743;2;270
2022;01;31;18;-9,7;743;3;270
2022;01;31;21;-8,8;742;3;270
2022;02;01;00;-7,8;741;3;270
2022;02;01;03;-7,5;740;4;270
2022;02;01;06;-7;740;3;270
2022;02;01;09;-5,7;739;2;270
2022;02;01;12;-3;738;3;315
2022;02;01;15;-1,5;737;3;315
2022;02;01;18;-2;737;3;315
2022;02;01;21;К сожалению фактических данных на эту дату в архиве нет;
2022;02;02;00;-2,5;737;2;315
2022;02;02;03;-2,5;738;2;0
2022;02;02;06;-2,2;739;1;0
2022;02;02;09;-1,7;740;3;45
2022;02;02;12;-0,8;742;2;0
2022;02;02;15;-1,7;743;3;0
2022;02;02;18;-3,4;744;3;0
2022;02;02;21;-3,7;744;2;0
2022;02;03;00;-3,8;744;2;0
2022;02;03;03;-4,2;745;2;0
2022;02;03;06;-5,1;746;1;0
2022;02;03;09;-5,3;746;1;0
2022;02;03;12;-4,7;746;1;45
2022;02;03;15;-4,8;746;1;45
2022;02;03;18;-6,9;747;1;45
2022;02;03;21;-12,1;747;1;90
2022;02;04;00;-13,8;748;0;180
2022;02;04;03;-12,8;748;0;180
2022;02;04;06;-16,1;748;0;180
2022;02;04;09;-14;748;0;180
2022;02;04;12;-9,9;748;0;180
2022;02;04;15;-7,9;748;1;225
2022;02;04;18;-7,4;747;2;225
2022;02;04;21;-8;747;3;225
2022;02;05;00;-7,9;746;3;225
2022;02;05;03;-8,3;745;4;225
2022;02;05;06;-8,4;745;4;225
2022;02;05;09;-9,2;745;3;225
2022;02;05;12;-7,9;744;2;225
2022;02;05;15;-7,4;744;3;225
2022;02;05;18;-7,2;744;3;225
2022;02;05;21;-7;744;2;225
2022;02;06;00;-6,9;743;1;225
2022;02;06;03;-6,9;743;2;270
2022;02;06;06;-6,8;742;1;270
2022;02;06;09;-6,1;742;0;180
2022;02;06;12;-4,9;742;2;270
2022;02;06;15;-4,8;741;2;270
2022;02;06;18;-6,1;742;2;270
2022;02;06;21;-6,5;742;2;270
2022;02;07;00;-6,7;742;1;270
2022;02;07;03;-7;742;1;270
2022;02;07;06;-7,9;742;1;270
2022;02;07;09;-6,8;743;1;0
2022;02;07;12;-5,8;743;1;45
2022;02;07;15;-6;744;1;90
2022;02;07;18;-8,4;745;0;180
2022;02;07;21;-11;746;0;180
2022;02;08;00;-10,8;746;0;180
2022;02;08;03;-15,6;747;0;180
2022;02;08;06;-14,5;747;1;315
2022;02;08;09;-10,4;747;2;315
2022;02;08;12;-9,4;747;3;315
2022;02;08;15;-7,7;747;3;315
2022;02;08;18;-10,9;748;4;315
2022;02;08;21;-9,6;747;3;315
2022;02;09;00;-9;747;3;315
2022;02;09;03;-8,2;746;3;315
2022;02;09;06;-7,9;745;4;315
2022;02;09;09;-7,3;745;3;315
2022;02;09;12;-6,5;744;3;315
2022;02;09;15;-6,5;744;3;315
2022;02;09;18;-6,2;744;2;315
2022;02;09;21;-5,4;744;2;315
2022;02;10;00;-4,2;744;2;0
2022;02;10;03;-3,3;745;-9999;
2022;02;10;06;-2,5;744;-9999;
2022;02;10;09;-3,3;745;-9999;
2022;02;10;12;-3,9;745;-9999;
2022;02;10;15;-4,6;744;3;315
2022;02;10;18;-5,5;744;3;315
2022;02;10;21;-6,1;743;3;315
2022;02;11;00;-6,7;742;2;315
2022;02;11;03;-7,6;741;2;315
2022;02;11;06;-8,8;740;2;315
2022;02;11;09;-8,5;740;2;315
2022;02;11;12;-6,6;739;2;315
2022;02;11;15;К сожалению фактических данных на эту дату в архиве нет;
2022;02;11;18;-6,1;739;1;0
2022;02;11;21;-5,4;739;1;315
2022;02;12;00;-5,3;739;1;315
2022;02;12;03;-4,3;739;1;90
2022;02;12;06;-3,4;740;2;90
2022;02;12;09;-2,9;740;1;45
2022;02;12;12;-1,6;740;2;90
2022;02;12;15;-1,9;741;1;45
2022;02;12;18;-2,8;741;2;45
2022;02;12;21;-3,7;742;3;90
2022;02;13;00;-4,3;742;2;45
2022;02;13;03;-4,9;742;2;90
2022;02;13;06;-5,2;743;2;90
2022;02;13;09;-5,3;743;2;90
2022;02;13;12;-4,7;743;0;180
2022;02;13;15;-4,3;744;1;45
2022;02;13;18;-5,2;746;1;135
2022;02;13;21;-6,6;748;1;90
2022;02;14;00;-6,8;749;1;90
2022;02;14;03;-6,6;749;0;180
2022;02;14;06;-6,4;749;1;45
2022;02;14;09;-5,7;749;2;0
2022;02;14;12;-4,6;748;4;0
2022;02;14;15;-4,6;747;3;0
2022;02;14;18;-5,3;747;2;0
2022;02;14;21;-5,2;747;2;0
2022;02;15;00;-5,1;747;2;0
2022;02;15;03;-4,8;746;2;0
2022;02;15;06;-4,9;746;2;0
2022;02;15;09;-4,5;746;2;0
2022;02;15;12;-4;746;3;45
2022;02;15;15;-3,3;746;3;45
2022;02;15;18;-3,5;747;3;45
2022;02;15;21;-2,8;747;2;45
2022;02;16;00;-2,2;748;2;45
2022;02;16;03;-1,8;748;2;45
2022;02;16;06;-4,7;749;1;0
2022;02;16;09;-5,7;748;3;45
2022;02;16;12;-1,5;748;2;45
2022;02;16;15;0;747;3;45
2022;02;16;18;-2,9;747;3;45
2022;02;16;21;-3,9;746;4;45
2022;02;17;00;-5;746;2;45
2022;02;17;03;-5,5;746;3;45
2022;02;17;06;-3,4;745;2;45
2022;02;17;09;-2,1;745;2;0
2022;02;17;12;-0,6;743;3;0
2022;02;17;15;-1,7;743;3;0
2022;02;17;18;-2,5;742;4;0
2022;02;17;21;-2,8;740;4;0
2022;02;18;00;-2,2;739;4;0
2022;02;18;03;-2,2;739;4;0
2022;02;18;06;-2,3;739;4;0
2022;02;18;09;-2;739;4;0
2022;02;18;12;-1,4;739;4;0
2022;02;18;15;0,6;738;5;0
2022;02;18;18;-1,6;739;5;0
2022;02;18;21;-2,1;739;5;0
2022;02;19;00;-1,2;739;3;0
2022;02;19;03;-1,5;739;4;0
2022;02;19;06;-1,8;739;3;0
2022;02;19;09;-1,8;739;3;0
2022;02;19;12;-1,1;739;2;0
2022;02;19;15;-0,4;740;2;0
2022;02;19;18;-0,5;739;4;0
2022;02;19;21;-0,4;739;4;0
2022;02;20;00;-1,3;737;4;0
2022;02;20;03;-0,5;735;5;0
2022;02;20;06;-0,5;733;4;0
2022;02;20;09;-0,4;732;4;0
2022;02;20;12;0,5;731;4;0
2022;02;20;15;0,4;731;3;0
2022;02;20;18;0,3;730;2;0
2022;02;20;21;0,6;730;2;0
2022;02;21;00;0,3;731;3;90
2022;02;21;03;-1,8;733;3;135
2022;02;21;06;-2,7;734;3;90
2022;02;21;09;-2,6;736;3;90
2022;02;21;12;-0,8;737;3;90
2022;02;21;15;-0,3;737;1;45
2022;02;21;18;-2,4;738;2;0
2022;02;21;21;-2,5;738;1;0
2022;02;22;00;-1,6;739;1;45
2022;02;22;03;-2,1;739;1;0
2022;02;22;06;-2,6;739;1;0
2022;02;22;09;-1,9;738;2;0
2022;02;22;12;-0,6;737;3;315
2022;02;22;15;-0,8;735;3;315
2022;02;22;18;-1,1;733;4;0
2022;02;22;21;0,6;733;4;45
2022;02;23;00;0,8;735;4;45
2022;02;23;03;1,1;735;3;45
2022;02;23;06;0,9;735;3;0
2022;02;23;09;0,7;735;3;45
2022;02;23;12;1,3;736;4;45
2022;02;23;15;1,3;737;3;45
2022;02;23;18;1,1;738;3;45
2022;02;23;21;0,5;739;3;90
2022;02;24;00;0,5;741;2;90
2022;02;24;03;0,4;743;2;90
2022;02;24;06;-0,2;745;1;135
2022;02;24;09;-1,1;747;2;135
2022;02;24;12;-1,6;749;1;135
2022;02;24;15;-1,9;750;1;135
2022;02;24;18;-3,5;752;1;135
2022;02;24;21;-5;752;0;180
2022;02;25;00;-6,6;752;1;0
2022;02;25;03;-8,3;753;2;45
2022;02;25;06;-6;753;2;90
2022;02;25;09;-6;754;2;45
2022;02;25;12;-1,5;754;3;0
2022;02;25;15;-0,2;754;3;0
2022;02;25;18;-2,8;754;2;0
2022;02;25;21;-4,1;754;2;0
2022;02;26;00;-6;754;2;0
2022;02;26;03;-6,7;753;2;0
2022;02;26;06;-5;753;2;0
2022;02;26;09;-2,8;752;3;0
2022;02;26;12;-1,6;751;3;0
2022;02;26;15;-0,7;751;2;45
2022;02;26;18;-0,4;752;2;45
2022;02;26;21;-1,3;753;1;45
2022;02;27;00;-1,1;753;1;45
2022;02;27;03;-1,5;754;1;90
2022;02;27;06;-4,7;755;0;180
2022;02;27;09;-2,3;757;0;180
2022;02;27;12;-0,2;758;0;180
2022;02;27;15;1,7;759;1;135
2022;02;27;18;0,1;760;1;135
2022;02;27;21;-4,5;761;0;180
2022;02;28;00;-9,2;761;0;180
2022;02;28;03;-11,7;761;0;180
2022;02;28;06;-12,8;761;0;180
2022;02;28;09;-7,8;760;0;180
2022;02;28;12;-1,9;760;2;45
2022;02;28;15;-0,5;758;2;45
2022;02;28;18;-3;756;2;45
2022;02;28;21;-2,7;756;2;90
2022;03;01;00;-4,4;756;2;90
2022;03;01;03;-10,6;756;1;90
2022;03;01;06;-8,1;756;0;180
2022;03;01;09;-5,4;757;1;135
2022;03;01;12;-1,1;757;1;45
2022;03;01;15;1;757;1;45
2022;03;01;18;-6,2;756;0;180
2022;03;01;21;-8,7;756;1;90
2022;03;02;00;-7,8;755;2;45
2022;03;02;03;-5,8;754;2;45
2022;03;02;06;-8,2;753;1;45
2022;03;02;09;-4,6;753;2;45
2022;03;02;12;0,1;752;2;45
2022;03;02;15;2,9;751;2;45
2022;03;02;18;-2;751;1;45
2022;03;02;21;-3;750;2;45
2022;03;03;00;-5,7;749;0;180
2022;03;03;03;-6;748;1;45
2022;03;03;06;-6,3;747;1;45
2022;03;03;09;-4,4;746;1;45
2022;03;03;12;0,4;746;1;0
2022;03;03;15;2,6;745;0;180
2022;03;03;18;-3,5;744;0;180
2022;03;03;21;-5,7;744;1;45
2022;03;04;00;-8,7;744;0;180
2022;03;04;03;-8,6;744;1;45
2022;03;04;06;-9,7;744;1;0
2022;03;04;09;-7,2;744;1;0
2022;03;04;12;-4,2;744;1;0
2022;03;04;15;-2;743;1;270
2022;03;04;18;-3,3;743;0;180
2022;03;04;21;-9,4;743;0;180
2022;03;05;00;-8,1;742;0;180
2022;03;05;03;-4,7;742;1;135
2022;03;05;06;-4,3;742;2;180
2022;03;05;09;-2,9;742;5;180
2022;03;05;12;-2,5;742;5;225
2022;03;05;15;-4,4;742;4;180
2022;03;05;18;-7,8;742;5;180
2022;03;05;21;-11,4;743;4;180
2022;03;06;00;-14,2;743;4;180
2022;03;06;03;-16,5;743;3;180
2022;03;06;06;-18,2;743;3;180
2022;03;06;09;-16,7;742;2;180
2022;03;06;12;-12;742;1;135
2022;03;06;15;-9,8;741;1;135
2022;03;06;18;-11,2;741;1;180
2022;03;06;21;-12,2;742;1;180
2022;03;07;00;-14,2;741;1;270
2022;03;07;03;-17;741;1;270
2022;03;07;06;-18,4;742;1;270
2022;03;07;09;-15,6;743;1;270
2022;03;07;12;-11,9;744;1;225
2022;03;07;15;-10,5;744;0;180
2022;03;07;18;-14,2;745;0;180
2022;03;07;21;-13,5;747;2;225
2022;03;08;00;-15,8;749;1;225
2022;03;08;03;-17,9;750;1;180
2022;03;08;06;-23,7;751;0;180
2022;03;08;09;-17,4;752;1;225
2022;03;08;12;-13;753;2;225
2022;03;08;15;-10,9;753;1;225
2022;03;08;18;-14,2;754;0;180
2022;03;08;21;-16,8;755;1;225
2022;03;09;00;-17,6;755;1;270
2022;03;09;03;-22,4;756;0;180
2022;03;09;06;-23,1;757;0;180
2022;03;09;09;-15,1;758;1;270
2022;03;09;12;-11,9;758;3;225
2022;03;09;15;-9,8;758;2;180
2022;03;09;18;-11,7;758;1;225
2022;03;09;21;-13,6;759;1;225
2022;03;10;00;-17,8;760;1;270
2022;03;10;03;-19,6;761;1;225
2022;03;10;06;-22,6;762;0;180
2022;03;10;09;-14;763;1;270
2022;03;10;12;-10,7;763;2;225
2022;03;10;15;-8,1;762;2;180
2022;03;10;18;-10,8;762;1;270
2022;03;10;21;-17,6;762;0;180
2022;03;11;00;-19;762;1;225
2022;03;11;03;-20,5;762;0;180
2022;03;11;06;-22,3;761;0;180
2022;03;11;09;-13,7;761;0;180
2022;03;11;12;-8,7;760;1;270
2022;03;11;15;-7,1;758;1;270
2022;03;11;18;-11,6;757;1;0
2022;03;11;21;-16,5;756;0;180
2022;03;12;00;-17,8;755;0;180
2022;03;12;03;-14,4;754;1;0
2022;03;12;06;-14,5;753;1;0
2022;03;12;09;-9,7;753;1;0
2022;03;12;12;-5,4;753;1;45
2022;03;12;15;-4,6;753;1;90
2022;03;12;18;-6,5;753;1;90
2022;03;12;21;-8,8;753;1;45
2022;03;13;00;-7;752;2;45
2022;03;13;03;-6,5;750;2;45
2022;03;13;06;-6,8;749;2;45
2022;03;13;09;-5,2;748;2;90
2022;03;13;12;-0,8;748;1;135
2022;03;13;15;-0,3;748;1;135
2022;03;13;18;-1,6;748;0;180
2022;03;13;21;-2,9;749;0;180
2022;03;14;00;-4,5;749;0;180
2022;03;14;03;-4;748;0;180
2022;03;14;06;-5,2;748;0;180
2022;03;14;09;-3,6;749;1;180
2022;03;14;12;-2,3;750;2;180
2022;03;14;15;-1;751;2;270
2022;03;14;18;-3,6;753;3;225
2022;03;14;21;-5,7;756;4;225
2022;03;15;00;-8,2;757;2;225
2022;03;15;03;-9,8;759;2;225
2022;03;15;06;-11,9;760;1;225
2022;03;15;09;-9,6;762;2;225
2022;03;15;12;-4,3;762;2;225
2022;03;15;15;-3,4;762;3;180
2022;03;15;18;-5,6;763;1;180
2022;03;15;21;-6,5;764;1;225
2022;03;16;00;-8,7;764;1;225
2022;03;16;03;-15,8;765;0;180
2022;03;16;06;-15,7;765;1;270
2022;03;16;09;-7,7;766;2;270
2022;03;16;12;-3,7;766;2;270
2022;03;16;15;-2,3;766;1;225
2022;03;16;18;-7,5;766;0;180
2022;03;16;21;-13,2;766;0;180
2022;03;17;00;-14,9;766;0;180
2022;03;17;03;-12;766;1;135
2022;03;17;06;-12,8;766;0;180
2022;03;17;09;-6,3;766;1;135
2022;03;17;12;-0,7;765;1;135
2022;03;17;15;0,9;764;1;135
2022;03;17;18;-0,4;763;0;180
2022;03;17;21;-1,8;763;0;180
2022;03;18;00;-3,1;763;0;180
2022;03;18;03;-9,4;764;0;180
2022;03;18;06;-12;764;0;180
2022;03;18;09;-1,7;765;0;180
2022;03;18;12;3,5;765;1;0
2022;03;18;15;5,5;765;1;90
2022;03;18;18;-3,7;764;1;90
2022;03;18;21;-5,7;765;0;180
2022;03;19;00;-6,5;764;1;45
2022;03;19;03;-7,2;764;1;90
2022;03;19;06;-7,9;764;1;90
2022;03;19;09;-1,7;764;1;45
2022;03;19;12;6,4;762;2;90
2022;03;19;15;8,6;761;2;90
2022;03;19;18;6,1;760;2;90
2022;03;19;21;2,7;759;1;135
2022;03;20;00;0,6;759;1;135
2022;03;20;03;-2,7;757;2;90
2022;03;20;06;-1,8;754;2;90
2022;03;20;09;0,8;753;3;90
2022;03;20;12;3,8;752;1;135
2022;03;20;15;5,9;750;2;135
2022;03;20;18;5,1;750;2;135
2022;03;20;21;3,5;749;1;135
2022;03;21;00;1,3;749;2;135
2022;03;21;03;-0,3;749;1;135
2022;03;21;06;-1,2;748;1;135
2022;03;21;09;0,4;749;4;180
2022;03;21;12;0,8;752;6;180
2022;03;21;15;2;754;4;180
2022;03;21;18;1;755;2;135
2022;03;21;21;-3,1;757;0;180
2022;03;22;00;-5,9;757;0;180
2022;03;22;03;-8,2;756;1;45
2022;03;22;06;-5,2;755;1;45
2022;03;22;09;0,1;752;2;45
2022;03;22;12;5,3;750;4;90
2022;03;22;15;8;749;2;135
2022;03;22;18;5,7;750;1;135
2022;03;22;21;3,5;751;1;135
2022;03;23;00;1,5;751;1;90
2022;03;23;03;-0,5;751;1;90
2022;03;23;06;-1,7;751;2;90
2022;03;23;09;2,5;751;2;90
2022;03;23;12;5,4;750;3;90
2022;03;23;15;6,9;748;3;90
2022;03;23;18;5;748;2;90
2022;03;23;21;3,4;748;2;90
2022;03;24;00;-1,9;748;1;90
2022;03;24;03;-1,5;747;1;45
2022;03;24;06;-2,1;747;1;90
2022;03;24;09;1,2;746;2;45
2022;03;24;12;5,5;745;3;90
2022;03;24;15;6,2;744;3;45
2022;03;24;18;5,5;742;3;45
2022;03;24;21;4,2;742;3;90
2022;03;25;00;3,6;743;2;135
2022;03;25;03;2;744;3;135
2022;03;25;06;-2,5;748;4;180
2022;03;25;09;-2,8;751;4;180
2022;03;25;12;-1,2;752;3;180
2022;03;25;15;0,2;752;1;180
2022;03;25;18;-1,5;751;2;315
2022;03;25;21;-4,7;750;1;0
2022;03;26;00;-5;749;3;315
2022;03;26;03;-5,3;746;3;315
2022;03;26;06;-4,8;742;4;0
2022;03;26;09;-4,2;739;4;315
2022;03;26;12;-1,7;736;4;0
2022;03;26;15;1,1;732;4;0
2022;03;26;18;2,1;730;6;0
2022;03;26;21;1,1;727;5;0
2022;03;27;00;1,4;725;4;0
2022;03;27;03;1,7;724;3;0
2022;03;27;06;0,4;724;3;0
2022;03;27;09;1,5;724;4;0
2022;03;27;12;2,6;724;4;0
2022;03;27;15;2;725;3;0
2022;03;27;18;-1,6;727;2;135
2022;03;27;21;-5,3;729;2;135
2022;03;28;00;-6,6;730;2;90
2022;03;28;03;-7,4;731;2;135
2022;03;28;06;-8,5;732;2;135
2022;03;28;09;-8,1;734;2;135
2022;03;28;12;-7,2;735;3;90
2022;03;28;15;-6,4;735;2;90
2022;03;28;18;-5,9;735;2;90
2022;03;28;21;-7,2;735;1;45
2022;03;29;00;-7,9;733;2;315
2022;03;29;03;-8,2;731;2;315
2022;03;29;06;-8,5;729;3;270
2022;03;29;09;-6,7;729;2;315
2022;03;29;12;-4,8;729;2;270
2022;03;29;15;-4,3;730;2;270
2022;03;29;18;-5,2;731;2;0
2022;03;29;21;-7,3;732;0;180
2022;03;30;00;-7,1;733;1;90
2022;03;30;03;-8;735;2;45
2022;03;30;06;-7,1;735;1;45
2022;03;30;09;-5,6;736;1;90
2022;03;30;12;-4,5;737;2;90
2022;03;30;15;-3,2;738;2;135
2022;03;30;18;-4,3;740;2;90
2022;03;30;21;-7,8;742;2;45
2022;03;31;00;-10;744;2;45
2022;03;31;03;-12;745;1;45
2022;03;31;06;-12,6;746;1;45
2022;03;31;09;-5,4;747;2;45
2022;03;31;12;-2,1;747;2;45
2022;03;31;15;0,2;747;2;90
2022;03;31;18;-2,7;747;0;180
2022;03;31;21;-6,4;747;0;180
2022;04;01;00;-5,2;747;1;0
2022;04;01;03;-5,8;747;1;0
2022;04;01;06;-5,2;747;0;180
2022;04;01;09;-2;748;1;45
2022;04;01;12;1,9;748;1;90
2022;04;01;15;3,4;748;1;45
2022;04;01;18;1,2;748;0;180
2022;04;01;21;-3,4;749;1;225
2022;04;02;00;-2,3;749;2;225
2022;04;02;03;-3,2;748;2;225
2022;04;02;06;-4,3;747;2;225
2022;04;02;09;-0,2;747;3;270
2022;04;02;12;3;746;2;270
2022;04;02;15;3,6;744;3;270
2022;04;02;18;2,8;743;2;225
2022;04;02;21;1,6;742;2;270
2022;04;03;00;-1,4;741;3;270
2022;04;03;03;-1,8;737;3;270
2022;04;03;06;-0,5;732;2;270
2022;04;03;09;0,2;729;1;270
2022;04;03;12;1,4;726;1;270
2022;04;03;15;4,4;726;2;0
2022;04;03;18;3,8;726;2;90
2022;04;03;21;0,1;728;2;90
2022;04;04;00;-1,8;731;2;135
2022;04;04;03;-2,6;733;1;135
2022;04;04;06;-3,1;735;1;135
2022;04;04;09;-2,8;736;1;135
2022;04;04;12;-2,5;736;2;180
2022;04;04;15;-1,8;736;3;180
2022;04;04;18;-2,2;735;3;180
2022;04;04;21;-2,5;735;3;180
2022;04;05;00;-2,8;734;2;135
2022;04;05;03;-2,7;735;1;135
2022;04;05;06;-3,2;736;1;135
2022;04;05;09;-0,2;737;2;135
2022;04;05;12;2,9;739;2;135
2022;04;05;15;3,7;739;2;90
2022;04;05;18;1,8;740;1;45
2022;04;05;21;1,4;741;1;0
2022;04;06;00;0,8;741;1;0
2022;04;06;03;-1,3;741;3;0
2022;04;06;06;-1,3;741;3;0
2022;04;06;09;1;740;3;315
2022;04;06;12;3,1;739;5;315
2022;04;06;15;2,2;739;4;0
2022;04;06;18;1,5;738;3;315
2022;04;06;21;0,8;737;3;315
2022;04;07;00;0;736;3;90
2022;04;07;03;-1;738;3;90
2022;04;07;06;-2,5;739;2;45
2022;04;07;09;1,3;740;2;45
2022;04;07;12;2,4;741;4;90
2022;04;07;15;2,5;743;4;90
2022;04;07;18;2;743;2;90
2022;04;07;21;-1,5;744;1;0
2022;04;08;00;-0,2;744;2;0
2022;04;08;03;-0,7;744;2;0
2022;04;08;06;-0,5;744;3;315
2022;04;08;09;0,9;744;3;315
2022;04;08;12;3,6;744;3;315
2022;04;08;15;6,8;743;3;315
2022;04;08;18;7;744;2;270
2022;04;08;21;4,2;745;1;0
2022;04;09;00;6;745;2;0
2022;04;09;03;4,8;745;3;0
2022;04;09;06;5,4;746;4;0
2022;04;09;09;10,5;746;3;315
2022;04;09;12;12,3;746;3;315
2022;04;09;15;11,9;747;3;315
2022;04;09;18;9,5;747;2;315
2022;04;09;21;7,8;747;2;315
2022;04;10;00;5;748;1;315
2022;04;10;03;4,4;748;2;315
2022;04;10;06;4,3;747;2;315
2022;04;10;09;5;747;2;315
2022;04;10;12;7,9;747;3;0
2022;04;10;15;6,2;748;3;315
2022;04;10;18;5,5;748;3;0
2022;04;10;21;4,6;749;2;315
2022;04;11;00;4,4;750;2;0
2022;04;11;03;3,9;750;2;315
2022;04;11;06;3,6;750;2;315
2022;04;11;09;4,1;750;4;315
2022;04;11;12;7,8;750;3;315
2022;04;11;15;9,8;749;4;315
2022;04;11;18;9,9;749;2;270
2022;04;11;21;6,7;749;1;315
2022;04;12;00;3,4;749;0;180
2022;04;12;03;1,5;750;0;180
2022;04;12;06;4,1;750;1;270
2022;04;12;09;10,5;750;2;315
2022;04;12;12;16;750;3;315
2022;04;12;15;16,7;749;3;270
2022;04;12;18;13,5;749;1;270
2022;04;12;21;9;750;2;270
2022;04;13;00;5,9;749;2;270
2022;04;13;03;1,2;749;0;180
2022;04;13;06;5,7;749;0;180
2022;04;13;09;11;749;1;315
2022;04;13;12;14,1;748;3;315
2022;04;13;15;15,2;747;2;270
2022;04;13;18;12,8;747;1;315
2022;04;13;21;5,4;747;1;315
2022;04;14;00;1,8;746;0;180
2022;04;14;03;3,4;746;1;90
2022;04;14;06;2,2;747;3;180
2022;04;14;09;4,3;748;3;180
2022;04;14;12;8;748;2;135
2022;04;14;15;7,4;748;2;135
2022;04;14;18;6,4;748;2;180
2022;04;14;21;5,2;747;3;180
2022;04;15;00;3,3;746;3;180
2022;04;15;03;1,8;744;3;225
2022;04;15;06;0,9;743;3;225
2022;04;15;09;-0,6;742;3;180
2022;04;15;12;-0,9;743;4;180
2022;04;15;15;-1,3;744;4;180
2022;04;15;18;-1,2;744;3;180
2022;04;15;21;-2,2;745;1;135
2022;04;16;00;-3,9;746;1;135
2022;04;16;03;-5,3;747;0;180
2022;04;16;06;-4,3;748;1;135
2022;04;16;09;-0,6;750;1;135
2022;04;16;12;0,6;751;1;135
2022;04;16;15;1,1;752;1;135
2022;04;16;18;0,6;753;2;180
2022;04;16;21;-2;754;0;180
2022;04;17;00;-3,6;754;0;180
2022;04;17;03;-5;755;0;180
2022;04;17;06;-1,9;755;1;270
2022;04;17;09;1,1;756;2;225
2022;04;17;12;3,9;755;2;270
2022;04;17;15;5,2;754;2;315
2022;04;17;18;4,6;754;2;315
2022;04;17;21;-1,8;754;0;180
2022;04;18;00;-4,1;753;0;180
2022;04;18;03;-5,3;753;0;180
2022;04;18;06;-3,4;753;0;180
2022;04;18;09;4,4;753;2;270
2022;04;18;12;6,5;752;1;180
2022;04;18;15;8,2;752;2;270
2022;04;18;18;8,1;752;1;45
2022;04;18;21;-0,7;753;0;180
2022;04;19;00;-1,1;753;0;180
2022;04;19;03;-1;754;1;45
2022;04;19;06;1,2;754;1;45
2022;04;19;09;7,7;754;1;90
2022;04;19;12;10,5;754;1;225
2022;04;19;15;11,4;753;1;0
2022;04;19;18;10;752;1;0
2022;04;19;21;2,2;752;0;180
2022;04;20;00;2,7;752;0;180
2022;04;20;03;1,1;752;1;180
2022;04;20;06;3;752;2;180
2022;04;20;09;7;752;2;180
2022;04;20;12;9,6;752;2;135
2022;04;20;15;9,7;752;2;180
2022;04;20;18;8,7;752;4;180
2022;04;20;21;7,2;753;3;180
2022;04;21;00;4,9;754;2;180
2022;04;21;03;2,3;754;2;180
2022;04;21;06;1,4;755;3;225
2022;04;21;09;4,4;756;3;180
2022;04;21;12;7,2;756;3;225
2022;04;21;15;8,3;756;3;180
2022;04;21;18;7,3;755;2;225
2022;04;21;21;3,7;756;1;270
2022;04;22;00;0,9;756;1;270
2022;04;22;03;-2,7;756;0;180
2022;04;22;06;2,4;756;0;180
2022;04;22;09;6,3;756;1;90
2022;04;22;12;8,4;754;1;45
2022;04;22;15;10,9;753;1;90
2022;04;22;18;10,7;751;0;180
2022;04;22;21;3,3;751;1;315
2022;04;23;00;-0,7;751;1;0
2022;04;23;03;-1,1;750;1;0
2022;04;23;06;3,5;750;0;180
2022;04;23;09;10,2;750;2;0
2022;04;23;12;13,2;750;2;0
2022;04;23;15;14,6;749;1;0
2022;04;23;18;12,3;749;2;315
2022;04;23;21;7,3;749;1;315
2022;04;24;00;4,6;749;1;0
2022;04;24;03;1,4;749;0;180
2022;04;24;06;6,2;749;1;315
2022;04;24;09;12,8;749;2;45
2022;04;24;12;16,1;748;3;45
2022;04;24;15;15,6;748;2;45
2022;04;24;18;12,9;748;1;135
2022;04;24;21;8,7;747;0;180
2022;04;25;00;6,7;747;2;180
2022;04;25;03;4,1;748;2;225
2022;04;25;06;5,6;748;1;270
2022;04;25;09;9,9;747;2;270
2022;04;25;12;13,1;747;1;315
2022;04;25;15;13,8;747;1;315
2022;04;25;18;13,7;746;2;315
2022;04;25;21;11,6;745;2;0
2022;04;26;00;9,3;745;2;0
2022;04;26;03;9,6;743;2;0
2022;04;26;06;9,4;742;3;0
2022;04;26;09;10,9;741;2;45
2022;04;26;12;13,1;741;2;45
2022;04;26;15;15,4;741;2;45
2022;04;26;18;14,5;740;1;45
2022;04;26;21;11,2;740;1;45
2022;04;27;00;10,6;740;1;0
2022;04;27;03;9,7;740;1;45
2022;04;27;06;7,8;741;2;180
2022;04;27;09;9,9;742;1;180
2022;04;27;12;12,7;743;1;90
2022;04;27;15;13,6;743;2;90
2022;04;27;18;12,3;743;1;0
2022;04;27;21;9,7;742;1;270
2022;04;28;00;6,5;742;3;180
2022;04;28;03;1,5;742;2;135
2022;04;28;06;-0,6;744;2;135
2022;04;28;09;-1,1;747;2;135
2022;04;28;12;0;749;2;135
2022;04;28;15;0,5;751;1;135
2022;04;28;18;1,5;752;1;90
2022;04;28;21;-3;753;1;45
2022;04;29;00;-4,6;754;1;45
2022;04;29;03;-6,6;754;1;90
2022;04;29;06;-2,2;755;1;45
2022;04;29;09;1,7;755;1;45
2022;04;29;12;4,3;755;3;90
2022;04;29;15;6,4;754;2;90
2022;04;29;18;5,7;754;1;90
2022;04;29;21;2,7;754;0;180
2022;04;30;00;2,3;753;1;45
2022;04;30;03;1,9;752;1;45
2022;04;30;06;3,1;752;2;45
2022;04;30;09;7;751;2;45
2022;04;30;12;10,6;749;3;45
2022;04;30;15;9,1;748;4;45
2022;04;30;18;1,6;748;2;45
2022;04;30;21;2,3;748;0;180
2022;05;01;00;1;749;1;180
2022;05;01;03;-0,2;749;1;135
2022;05;01;06;0;750;1;135
2022;05;01;09;4,3;750;2;135
2022;05;01;12;5,1;750;2;135
2022;05;01;15;5,8;750;3;90
2022;05;01;18;6;749;2;45
2022;05;01;21;4,1;749;0;180
2022;05;02;00;2,1;748;1;90
2022;05;02;03;-0,4;748;1;45
2022;05;02;06;2,6;748;2;90
2022;05;02;09;5,8;748;2;90
2022;05;02;12;8,2;747;3;90
2022;05;02;15;7,3;747;2;135
2022;05;02;18;9,2;747;2;90
2022;05;02;21;3,5;747;1;45
2022;05;03;00;2,5;747;2;45
2022;05;03;03;2;746;2;45
2022;05;03;06;5,3;746;2;45
2022;05;03;09;11,2;744;4;0
2022;05;03;12;13,5;742;4;0
2022;05;03;15;12,9;740;4;0
2022;05;03;18;12,8;739;3;45
2022;05;03;21;11,1;738;2;0
2022;05;04;00;10,6;738;3;45
2022;05;04;03;7,4;737;2;0
2022;05;04;06;7,3;738;2;135
2022;05;04;09;6,2;739;1;135
2022;05;04;12;8,8;740;2;45
2022;05;04;15;10,3;740;1;135
2022;05;04;18;8,7;741;1;45
2022;05;04;21;К сожалению фактических данных на эту дату в архиве нет;
2022;05;05;00;3,1;744;1;135
2022;05;05;03;1,6;744;1;135
2022;05;05;06;1,1;746;3;180
2022;05;05;09;2,2;747;2;180
2022;05;05;12;3,7;748;4;180
2022;05;05;15;4,7;749;2;135
2022;05;05;18;4,5;750;2;135
2022;05;05;21;1,3;752;0;180
2022;05;06;00;-1,2;753;1;90
2022;05;06;03;-3;754;1;90
2022;05;06;06;0,9;755;2;90
2022;05;06;09;7,1;755;2;90
2022;05;06;12;8,9;755;3;135
2022;05;06;15;10,1;755;2;135
2022;05;06;18;10,4;754;3;90
2022;05;06;21;6,3;755;1;90
2022;05;07;00;3,4;755;1;45
2022;05;07;03;6,8;755;2;45
2022;05;07;06;8,3;756;3;45
2022;05;07;09;14,2;756;3;45
2022;05;07;12;15,6;756;4;45
2022;05;07;15;17;755;4;90
2022;05;07;18;16;754;2;45
2022;05;07;21;11,8;755;1;0
2022;05;08;00;10,1;755;2;45
2022;05;08;03;8,1;755;2;45
2022;05;08;06;10;755;2;45
2022;05;08;09;13,8;754;3;0
2022;05;08;12;18,4;753;4;45
2022;05;08;15;18,5;752;3;45
2022;05;08;18;17,1;750;3;0
2022;05;08;21;12,7;750;2;0
2022;05;09;00;10,2;750;2;0
2022;05;09;03;8,6;749;2;0
2022;05;09;06;11,5;748;3;0
2022;05;09;09;18,3;748;4;0
2022;05;09;12;20,4;747;3;0
2022;05;09;15;21;746;4;0
2022;05;09;18;19,4;745;2;315
2022;05;09;21;12,5;745;2;180
2022;05;10;00;8,5;745;3;225
2022;05;10;03;6,4;745;3;225
2022;05;10;06;6,3;744;3;225
2022;05;10;09;8,6;744;4;180
2022;05;10;12;11,4;743;4;180
2022;05;10;15;14,2;743;4;180
2022;05;10;18;14,2;742;5;180
2022;05;10;21;13,6;742;4;180
2022;05;11;00;12,9;741;3;180
2022;05;11;03;10,3;741;2;225
2022;05;11;06;9,4;740;3;225
2022;05;11;09;12,1;740;3;225
2022;05;11;12;16;739;4;225
2022;05;11;15;17,7;739;2;270
2022;05;11;18;15;739;1;270
2022;05;11;21;8,6;741;2;0
2022;05;12;00;6,3;742;2;0
2022;05;12;03;5,2;743;2;0
2022;05;12;06;6,9;743;3;0
2022;05;12;09;11,4;743;3;0
2022;05;12;12;13,9;743;4;0
2022;05;12;15;14,7;742;4;315
2022;05;12;18;13,9;742;2;0
2022;05;12;21;9,2;741;1;0
2022;05;13;00;6,8;740;1;315
2022;05;13;03;5;738;1;270
2022;05;13;06;8,3;737;2;270
2022;05;13;09;13,6;735;5;315
2022;05;13;12;14,5;735;4;315
2022;05;13;15;14;735;3;0
2022;05;13;18;9,5;736;2;90
2022;05;13;21;8,1;736;1;45
2022;05;14;00;6,5;735;1;45
2022;05;14;03;5,9;734;1;0
2022;05;14;06;7,6;734;1;0
2022;05;14;09;11;734;3;0
2022;05;14;12;11,2;734;2;45
2022;05;14;15;13,1;734;3;45
2022;05;14;18;11,5;734;2;45
2022;05;14;21;9,1;734;2;45
2022;05;15;00;8,1;735;1;45
2022;05;15;03;7,2;734;1;45
2022;05;15;06;8,8;734;2;45
2022;05;15;09;10,3;735;2;45
2022;05;15;12;14,2;735;3;45
2022;05;15;15;11,7;736;3;90
2022;05;15;18;14,2;735;2;90
2022;05;15;21;7,3;736;0;180
2022;05;16;00;4,3;735;0;180
2022;05;16;03;3,6;735;0;180
2022;05;16;06;8,9;735;1;45
2022;05;16;09;14,3;734;1;45
2022;05;16;12;14,5;734;1;90
2022;05;16;15;16;734;1;270
2022;05;16;18;14,7;734;1;315
2022;05;16;21;11;735;0;180
2022;05;17;00;9,8;734;0;180
2022;05;17;03;7,7;734;0;180
2022;05;17;06;11,3;734;1;45
2022;05;17;09;15,4;735;1;315
2022;05;17;12;15,1;735;6;180
2022;05;17;15;14,2;736;3;225
2022;05;17;18;12,4;737;4;225
2022;05;17;21;9,5;738;4;180
2022;05;18;00;8,3;738;3;180
2022;05;18;03;6,8;738;3;180
2022;05;18;06;7,2;738;3;180
2022;05;18;09;7,8;739;3;180
2022;05;18;12;7,7;739;3;180
2022;05;18;15;9,2;740;2;180
2022;05;18;18;8,2;740;2;135
2022;05;18;21;6,6;741;1;135
2022;05;19;00;5,3;741;1;135
2022;05;19;03;4,3;741;1;135
2022;05;19;06;3,1;741;0;180
2022;05;19;09;5,5;741;1;135
2022;05;19;12;7,7;741;1;180
2022;05;19;15;9,4;741;2;180
2022;05;19;18;8,1;741;1;135
2022;05;19;21;5,7;742;2;90
2022;05;20;00;4,7;742;1;135
2022;05;20;03;3,9;742;1;135
2022;05;20;06;4,9;743;1;180
2022;05;20;09;8,2;744;2;135
2022;05;20;12;8;744;3;135
2022;05;20;15;8,4;744;3;180
2022;05;20;18;5,3;745;3;180
2022;05;20;21;3,8;745;3;180
2022;05;21;00;2,8;744;3;180
2022;05;21;03;2,1;744;2;135
2022;05;21;06;1,8;743;2;135
2022;05;21;09;2,9;742;2;135
2022;05;21;12;5,5;742;3;135
2022;05;21;15;4,6;742;3;180
2022;05;21;18;3,3;741;2;180
2022;05;21;21;1,9;741;2;135
2022;05;22;00;1;740;1;135
2022;05;22;03;0,1;739;1;135
2022;05;22;06;0,6;738;1;135
2022;05;22;09;3,1;737;2;180
2022;05;22;12;4,8;736;2;135
2022;05;22;15;5,6;736;2;135
2022;05;22;18;4,2;736;1;135
2022;05;22;21;1,8;735;1;135
2022;05;23;00;0,9;735;2;135
2022;05;23;03;0,4;734;2;90
2022;05;23;06;0,7;733;1;90
2022;05;23;09;1,1;733;1;135
2022;05;23;12;5,5;734;3;45
2022;05;23;15;4;734;2;90
2022;05;23;18;4,7;735;2;90
2022;05;23;21;2,6;736;1;0
2022;05;24;00;1,6;736;1;0
2022;05;24;03;1,3;736;1;0
2022;05;24;06;1,8;737;2;0
2022;05;24;09;4,2;738;2;0
2022;05;24;12;5,4;739;3;0
2022;05;24;15;5,4;741;1;315
2022;05;24;18;5,1;741;2;270
2022;05;24;21;3;742;1;270
2022;05;25;00;0,4;742;0;180
2022;05;25;03;-1,4;742;0;180
2022;05;25;06;4,6;742;0;180
2022;05;25;09;7,4;742;1;180
2022;05;25;12;8,3;742;2;90
2022;05;25;15;10,5;742;1;0
2022;05;25;18;9,9;742;1;45
2022;05;25;21;7,3;742;1;45
2022;05;26;00;2,4;742;1;45
2022;05;26;03;0,9;742;1;45
2022;05;26;06;5,8;741;2;45
2022;05;26;09;7,8;742;2;45
2022;05;26;12;11;741;2;45
2022;05;26;15;8,7;742;2;135
2022;05;26;18;10,7;742;2;45
2022;05;26;21;6,8;742;1;0
2022;05;27;00;5,8;741;2;0
2022;05;27;03;4,3;741;2;0
2022;05;27;06;8,2;739;2;270
2022;05;27;09;9,2;739;3;315
2022;05;27;12;8,6;738;3;315
2022;05;27;15;10,7;737;3;270
2022;05;27;18;12,9;736;3;315
2022;05;27;21;11,5;736;3;315
2022;05;28;00;10;735;2;315
2022;05;28;03;9,5;735;2;270
2022;05;28;06;10,6;735;2;315
2022;05;28;09;12;736;2;315
2022;05;28;12;11,1;736;2;0
2022;05;28;15;12,3;737;4;45
2022;05;28;18;12,8;736;2;0
2022;05;28;21;9,9;737;1;0
2022;05;29;00;9,3;737;1;0
2022;05;29;03;8,3;738;2;45
2022;05;29;06;9,9;739;2;45
2022;05;29;09;11,7;740;4;45
2022;05;29;12;14,2;742;4;90
2022;05;29;15;14,3;743;2;45
2022;05;29;18;14,8;743;2;45
2022;05;29;21;10,1;744;1;45
2022;05;30;00;8,2;745;1;45
2022;05;30;03;7,9;746;2;45
2022;05;30;06;8,4;746;1;45
2022;05;30;09;12,3;747;2;45
2022;05;30;12;15,8;747;3;90
2022;05;30;15;15,2;748;3;90
2022;05;30;18;15,4;749;1;135
2022;05;30;21;13,7;750;2;90
2022;05;31;00;12,4;751;1;90
2022;05;31;03;11,3;751;1;135
2022;05;31;06;13,7;752;1;135
2022;05;31;09;18,3;753;2;135
2022;05;31;12;19,1;753;1;135
2022;05;31;15;20,8;753;1;90
2022;05;31;18;20,7;753;1;90
2022;05;31;21;13,9;753;0;180
2022;06;01;00;10,4;754;0;180
2022;06;01;03;8,4;754;0;180
2022;06;01;06;16,5;755;0;180
2022;06;01;09;22,2;755;1;135
2022;06;01;12;24,2;755;2;90
2022;06;01;15;25,5;754;1;45
2022;06;01;18;25,2;754;1;45
2022;06;01;21;14,5;754;1;45
2022;06;02;00;14,5;754;1;90
2022;06;02;03;12,5;754;0;180
2022;06;02;06;18,3;754;1;45
2022;06;02;09;24,1;754;1;90
2022;06;02;12;26;753;2;90
2022;06;02;15;26,6;753;2;90
2022;06;02;18;26,4;752;1;90
2022;06;02;21;16,5;752;1;90
2022;06;03;00;13,1;752;0;180
2022;06;03;03;12,5;752;1;45
2022;06;03;06;19,3;752;0;180
2022;06;03;09;24,9;751;1;45
2022;06;03;12;26,5;751;2;0
2022;06;03;15;К сожалению фактических данных на эту дату в архиве нет;
2022;06;03;18;25,1;748;1;90
2022;06;03;21;19,4;748;1;45
2022;06;04;00;19;748;1;90
2022;06;04;03;15,9;747;1;270
2022;06;04;06;15,7;746;2;270
2022;06;04;09;15,4;746;2;270
2022;06;04;12;14,8;746;2;90
2022;06;04;15;19,6;747;2;135
2022;06;04;18;К сожалению фактических данных на эту дату в архиве нет;
2022;06;04;21;К сожалению фактических данных на эту дату в архиве нет;
2022;06;05;00;9,8;747;0;180
2022;06;05;03;9;747;0;180
2022;06;05;06;13,9;747;1;135
2022;06;05;09;17,9;747;1;135
2022;06;05;12;19,2;746;1;90
2022;06;05;15;20,2;746;1;180
2022;06;05;18;15,6;746;2;180
2022;06;05;21;11,8;746;0;180
2022;06;06;00;8,7;746;0;180
2022;06;06;03;8,3;745;0;180
2022;06;06;06;15,2;745;0;180
2022;06;06;09;17,8;745;1;90
2022;06;06;12;20,7;744;1;135
2022;06;06;15;19,3;744;1;0
2022;06;06;18;К сожалению фактических данных на эту дату в архиве нет;
2022;06;06;21;11,7;743;0;180
2022;06;07;00;13,7;742;1;180
2022;06;07;03;11,5;741;1;180
2022;06;07;06;15;740;2;225
2022;06;07;09;18,8;739;1;180
2022;06;07;12;16,1;739;2;135
2022;06;07;15;13,3;739;1;180
2022;06;07;18;11,6;739;2;135
2022;06;07;21;10,6;739;2;135
2022;06;08;00;10,6;738;2;135
2022;06;08;03;11;738;3;180
2022;06;08;06;11,7;738;4;180
2022;06;08;09;12,8;738;4;180
2022;06;08;12;14,2;739;4;180
2022;06;08;15;14;741;1;135
2022;06;08;18;13,1;742;3;180
2022;06;08;21;12,4;742;1;135
2022;06;09;00;12,3;742;1;180
2022;06;09;03;11,6;742;1;180
2022;06;09;06;13,9;743;2;180
2022;06;09;09;18,3;743;3;180
2022;06;09;12;21,8;742;3;180
2022;06;09;15;24,1;742;2;180
2022;06;09;18;24,5;742;2;180
2022;06;09;21;15,1;742;1;90
2022;06;10;00;9,9;742;0;180
2022;06;10;03;8,5;742;0;180
2022;06;10;06;15,1;742;1;90
2022;06;10;09;19,1;742;1;90
2022;06;10;12;22,7;741;3;90
2022;06;10;15;15,9;740;1;180
2022;06;10;18;18;741;1;90
2022;06;10;21;14,8;742;1;135
2022;06;11;00;12,2;742;1;90
2022;06;11;03;12,3;742;1;135
2022;06;11;06;14,6;742;2;135
2022;06;11;09;14,3;743;2;135
2022;06;11;12;14;744;3;135
2022;06;11;15;14,1;745;3;180
2022;06;11;18;12,9;746;3;180
2022;06;11;21;11,7;746;1;135
2022;06;12;00;8,6;746;1;180
2022;06;12;03;6,7;746;2;135
2022;06;12;06;7,4;746;2;135
2022;06;12;09;8,6;747;2;135
2022;06;12;12;11;747;2;135
2022;06;12;15;14,8;746;2;135
2022;06;12;18;17,5;746;2;135
2022;06;12;21;12,4;746;0;180
2022;06;13;00;6,8;746;0;180
2022;06;13;03;3,9;746;0;180
2022;06;13;06;13,1;747;1;135
2022;06;13;09;17,2;747;1;90
2022;06;13;12;19,6;746;1;180
2022;06;13;15;20,9;746;1;135
2022;06;13;18;21,5;745;1;90
2022;06;13;21;11,6;745;0;180
2022;06;14;00;8,2;745;0;180
2022;06;14;03;7,1;746;0;180
2022;06;14;06;16;746;1;45
2022;06;14;09;22,4;746;1;0
2022;06;14;12;24,2;746;1;90
2022;06;14;15;24,4;745;1;45
2022;06;14;18;23,6;745;1;90
2022;06;14;21;16,5;746;1;0
2022;06;15;00;13,1;746;0;180
2022;06;15;03;К сожалению фактических данных на эту дату в архиве нет;
2022;06;15;06;20,8;745;1;315
2022;06;15;09;24,5;745;1;315
2022;06;15;12;27,2;744;2;0
2022;06;15;15;26,3;744;2;0
2022;06;15;18;25,4;743;2;0
2022;06;15;21;16,2;744;0;180
2022;06;16;00;16,2;744;2;45
2022;06;16;03;15,7;744;0;180
2022;06;16;06;18,5;744;1;90
2022;06;16;09;20,9;744;1;90
2022;06;16;12;21,7;745;2;90
2022;06;16;15;22,2;745;2;90
2022;06;16;18;22,1;744;2;90
2022;06;16;21;17,9;744;1;90
2022;06;17;00;14,9;744;1;90
2022;06;17;03;13,6;744;0;180
2022;06;17;06;16;744;1;90
2022;06;17;09;19,4;744;2;90
2022;06;17;12;20,6;744;1;45
2022;06;17;15;22;744;1;135
2022;06;17;18;22;743;1;90
2022;06;17;21;13,6;744;0;180
2022;06;18;00;11,5;744;1;45
2022;06;18;03;10,8;744;0;180
2022;06;18;06;16,8;744;1;45
2022;06;18;09;20,1;744;1;90
2022;06;18;12;21,8;743;2;90
2022;06;18;15;20;743;3;135
2022;06;18;18;19,7;743;2;90
2022;06;18;21;12,8;743;1;90
2022;06;19;00;11,3;743;1;90
2022;06;19;03;11,7;743;1;45
2022;06;19;06;12,9;743;0;180
2022;06;19;09;16,3;743;1;90
2022;06;19;12;18,4;742;3;90
2022;06;19;15;19,2;741;2;135
2022;06;19;18;16,4;740;2;45
2022;06;19;21;14,3;739;1;45
2022;06;20;00;12,6;738;1;315
2022;06;20;03;12,5;735;1;315
2022;06;20;06;13,3;734;1;135
2022;06;20;09;14,6;733;1;135
2022;06;20;12;15,8;732;3;135
2022;06;20;15;15,2;732;3;90
2022;06;20;18;13,4;733;3;90
2022;06;20;21;12,3;733;3;135
2022;06;21;00;12,7;733;2;135
2022;06;21;03;12,4;734;1;135
2022;06;21;06;13,2;734;2;135
2022;06;21;09;17,4;735;2;135
2022;06;21;12;19,8;735;3;180
2022;06;21;15;21,4;735;2;135
2022;06;21;18;18,7;735;2;90
2022;06;21;21;13,7;736;1;90
2022;06;22;00;12,7;736;0;180
2022;06;22;03;11,2;736;1;135
2022;06;22;06;14,4;736;1;135
2022;06;22;09;18,2;737;2;135
2022;06;22;12;19,4;737;2;135
2022;06;22;15;19,2;738;3;180
2022;06;22;18;15,9;740;3;180
2022;06;22;21;13,2;740;1;135
2022;06;23;00;13,1;741;1;135
2022;06;23;03;12,7;741;1;135
2022;06;23;06;13,3;742;2;180
2022;06;23;09;15,4;743;1;135
2022;06;23;12;17,1;744;1;135
2022;06;23;15;19,5;744;2;135
2022;06;23;18;К сожалению фактических данных на эту дату в архиве нет;
2022;06;23;21;12,8;745;0;180
2022;06;24;00;10,6;745;0;180
2022;06;24;03;10,3;746;1;45
2022;06;24;06;14,7;746;1;45
2022;06;24;09;20,2;746;1;90
2022;06;24;12;22,4;746;3;90
2022;06;24;15;23,7;745;1;135
2022;06;24;18;22,2;745;1;135
2022;06;24;21;16,3;745;0;180
2022;06;25;00;14,7;745;0;180
2022;06;25;03;16;745;0;180
2022;06;25;06;16,9;745;1;135
2022;06;25;09;21,7;745;2;135
2022;06;25;12;23,1;745;2;135
2022;06;25;15;23,7;745;2;135
2022;06;25;18;22,6;746;3;135
2022;06;25;21;18,7;747;1;135
2022;06;26;00;15;748;2;180
2022;06;26;03;11,3;749;0;180
2022;06;26;06;13,9;749;1;135
2022;06;26;09;16,7;749;2;135
2022;06;26;12;19;749;3;135
2022;06;26;15;21,2;749;2;135
2022;06;26;18;20,9;749;2;135
2022;06;26;21;14,7;749;0;180
2022;06;27;00;10,9;749;0;180
2022;06;27;03;10,1;748;0;180
2022;06;27;06;16,5;746;1;45
2022;06;27;09;20,7;745;3;90
2022;06;27;12;22,9;743;2;135
2022;06;27;15;19,3;746;4;180
2022;06;27;18;16,8;748;5;180
2022;06;27;21;12,5;749;1;135
2022;06;28;00;9,8;749;0;180
2022;06;28;03;9,4;750;2;180
2022;06;28;06;9,4;750;4;180
2022;06;28;09;11,5;750;2;135
2022;06;28;12;11,8;750;4;180
2022;06;28;15;12,1;751;3;180
2022;06;28;18;11,4;751;3;180
2022;06;28;21;10,7;752;1;135
2022;06;29;00;8,8;751;1;135
2022;06;29;03;7,4;751;1;135
2022;06;29;06;10,9;751;1;180
2022;06;29;09;15,9;751;2;135
2022;06;29;12;18,7;750;3;180
2022;06;29;15;20,9;749;2;135
2022;06;29;18;19,9;748;2;135
2022;06;29;21;15,8;747;0;180
2022;06;30;00;13;746;0;180
2022;06;30;03;11;745;0;180
2022;06;30;06;13,6;744;1;135
2022;06;30;09;16,8;744;4;180
2022;06;30;12;12,8;745;2;180
2022;06;30;15;11,5;746;3;225
2022;06;30;18;12,8;747;3;180
2022;06;30;21;9,2;748;4;180
2022;07;01;00;8,7;748;3;180
2022;07;01;03;7,4;748;3;225
2022;07;01;06;8,1;749;3;225
2022;07;01;09;14,2;749;5;225
2022;07;01;12;18,1;750;4;225
2022;07;01;15;20,4;750;2;225
2022;07;01;18;19,9;750;2;225
2022;07;01;21;12,8;751;0;180
2022;07;02;00;9,1;750;0;180
2022;07;02;03;6,9;750;0;180
2022;07;02;06;15,1;750;0;180
2022;07;02;09;20,6;749;1;135
2022;07;02;12;21,4;748;2;90
2022;07;02;15;21,3;747;1;180
2022;07;02;18;16,2;747;0;180
2022;07;02;21;15,9;748;2;225
2022;07;03;00;14,9;748;2;180
2022;07;03;03;13,8;748;2;180
2022;07;03;06;14,2;748;2;180
2022;07;03;09;15;748;2;180
2022;07;03;12;17;748;2;180
2022;07;03;15;18,4;748;2;180
2022;07;03;18;16,9;748;3;180
2022;07;03;21;14,7;748;1;180
2022;07;04;00;9,2;748;0;180
2022;07;04;03;10,3;747;1;180
2022;07;04;06;12,3;748;2;225
2022;07;04;09;16,5;748;3;225
2022;07;04;12;19;748;3;225
2022;07;04;15;19,8;748;3;180
2022;07;04;18;19,6;748;3;225
2022;07;04;21;13,4;748;0;180
2022;07;05;00;9;749;0;180
2022;07;05;03;7,3;750;0;180
2022;07;05;06;14,9;750;0;180
2022;07;05;09;19,6;750;1;135
2022;07;05;12;21,9;749;1;135
2022;07;05;15;24;749;1;135
2022;07;05;18;24,4;748;1;90
2022;07;05;21;15,2;748;0;180
2022;07;06;00;12,7;748;0;180
2022;07;06;03;10,8;748;0;180
2022;07;06;06;18,1;748;1;45
2022;07;06;09;23,5;747;1;135
2022;07;06;12;26,2;747;2;90
2022;07;06;15;27,3;746;2;135
2022;07;06;18;27,1;746;2;90
2022;07;06;21;18,8;746;0;180
2022;07;07;00;15,8;747;1;90
2022;07;07;03;14,4;747;0;180
2022;07;07;06;22,4;748;0;180
2022;07;07;09;26,6;748;1;0
2022;07;07;12;28,4;748;1;45
2022;07;07;15;30,2;748;1;90
2022;07;07;18;26,7;748;2;315
2022;07;07;21;21;748;0;180
2022;07;08;00;20,7;748;1;90
2022;07;08;03;18,6;748;1;45
2022;07;08;06;23,3;748;1;0
2022;07;08;09;27,2;749;1;0
2022;07;08;12;30,6;748;2;45
2022;07;08;15;30,9;747;2;45
2022;07;08;18;26,8;748;3;90
2022;07;08;21;18,1;749;0;180
2022;07;09;00;18;748;0;180
2022;07;09;03;17,4;748;0;180
2022;07;09;06;20,9;748;1;315
2022;07;09;09;20,4;749;0;180
2022;07;09;12;26;749;1;225
2022;07;09;15;25;748;3;315
2022;07;09;18;20,3;748;1;135
2022;07;09;21;18,1;749;0;180
2022;07;10;00;15,8;749;0;180
2022;07;10;03;13,9;749;0;180
2022;07;10;06;19,8;749;2;270
2022;07;10;09;22;750;0;180
2022;07;10;12;25,6;750;1;45
2022;07;10;15;26,8;750;2;315
2022;07;10;18;27,1;749;1;0
2022;07;10;21;20,2;750;0;180
2022;07;11;00;17,2;751;0;180
2022;07;11;03;17;751;1;315
2022;07;11;06;23,1;752;0;180
2022;07;11;09;27,2;752;2;315
2022;07;11;12;28,5;753;2;315
2022;07;11;15;29,3;752;2;315
2022;07;11;18;28,5;752;1;315
2022;07;11;21;24,4;753;1;270
2022;07;12;00;22;753;1;270
2022;07;12;03;20,8;753;1;270
2022;07;12;06;22,6;753;2;270
2022;07;12;09;27,5;753;2;315
2022;07;12;12;29,6;752;3;315
2022;07;12;15;30,3;752;3;315
2022;07;12;18;28,4;751;1;315
2022;07;12;21;23,7;751;1;270
2022;07;13;00;21,3;751;1;270
2022;07;13;03;20,3;751;1;270
2022;07;13;06;20,8;751;2;225
2022;07;13;09;24,7;751;3;270
2022;07;13;12;28,3;750;3;315
2022;07;13;15;27,9;749;2;270
2022;07;13;18;27,6;747;2;315
2022;07;13;21;23,9;748;2;45
2022;07;14;00;19,1;748;0;180
2022;07;14;03;18,3;748;0;180
2022;07;14;06;18,5;747;2;270
2022;07;14;09;18,6;746;2;315
2022;07;14;12;21,2;745;1;45
2022;07;14;15;22,7;744;1;0
2022;07;14;18;22,2;743;1;315
2022;07;14;21;19,7;742;1;270
2022;07;15;00;18,6;741;1;270
2022;07;15;03;19,1;740;2;270
2022;07;15;06;19;737;3;270
2022;07;15;09;21;736;5;315
2022;07;15;12;22,8;738;4;0
2022;07;15;15;21,7;738;2;45
2022;07;15;18;22,4;739;1;45
2022;07;15;21;16,7;740;0;180
2022;07;16;00;14,2;741;1;45
2022;07;16;03;15,6;742;1;45
2022;07;16;06;17,3;743;2;90
2022;07;16;09;20;744;2;90
2022;07;16;12;24;745;3;90
2022;07;16;15;24,5;746;3;90
2022;07;16;18;24;746;2;90
2022;07;16;21;16,6;747;0;180
2022;07;17;00;14,6;748;0;180
2022;07;17;03;12,5;749;0;180
2022;07;17;06;19,3;749;1;270
2022;07;17;09;23,2;749;1;270
2022;07;17;12;24,4;749;2;315
2022;07;17;15;23,8;749;2;315
2022;07;17;18;23,8;748;1;315
2022;07;17;21;18,9;748;1;270
2022;07;18;00;18,5;748;1;315
2022;07;18;03;17,3;749;0;180
2022;07;18;06;19;749;0;180
2022;07;18;09;24,2;749;1;315
2022;07;18;12;26,4;748;1;270
2022;07;18;15;25,7;747;2;315
2022;07;18;18;25;745;2;315
2022;07;18;21;22,5;744;2;270
2022;07;19;00;18,4;743;2;90
2022;07;19;03;17,1;742;1;315
2022;07;19;06;17,1;740;3;270
2022;07;19;09;18,4;738;2;315
2022;07;19;12;16,9;738;1;225
2022;07;19;15;18,4;739;2;45
2022;07;19;18;16,8;739;1;90
2022;07;19;21;15,1;739;2;45
2022;07;20;00;14,4;739;1;45
2022;07;20;03;13,7;739;2;45
2022;07;20;06;13,3;739;3;45
2022;07;20;09;14,7;740;3;45
2022;07;20;12;17,9;740;1;45
2022;07;20;15;14,2;741;1;0
2022;07;20;18;18,5;741;1;0
2022;07;20;21;13,4;741;1;45
2022;07;21;00;10,9;742;0;180
2022;07;21;03;9,3;742;0;180
2022;07;21;06;15,9;743;0;180
2022;07;21;09;19,6;744;1;180
2022;07;21;12;21,9;744;1;135
2022;07;21;15;23,4;745;1;135
2022;07;21;18;23,1;745;1;135
2022;07;21;21;19,6;745;0;180
2022;07;22;00;13,8;746;0;180
2022;07;22;03;12,3;746;0;180
2022;07;22;06;17,2;746;1;90
2022;07;22;09;23,2;746;1;90
2022;07;22;12;25,4;745;2;90
2022;07;22;15;18,6;745;1;90
2022;07;22;18;24,6;745;1;135
2022;07;22;21;19,6;745;1;90
2022;07;23;00;15,7;745;0;180
2022;07;23;03;14,5;745;0;180
2022;07;23;06;19,8;745;0;180
2022;07;23;09;24,7;745;1;135
2022;07;23;12;27;745;1;180
2022;07;23;15;27,5;745;1;90
2022;07;23;18;27;744;1;90
2022;07;23;21;19,2;744;1;90
2022;07;24;00;17,5;744;0;180
2022;07;24;03;17,4;744;1;90
2022;07;24;06;20,8;744;1;90
2022;07;24;09;25,6;744;2;90
2022;07;24;12;28;744;2;90
2022;07;24;15;28,6;743;2;90
2022;07;24;18;27,5;742;2;90
2022;07;24;21;19,2;742;0;180
2022;07;25;00;17;743;0;180
2022;07;25;03;16,9;743;0;180
2022;07;25;06;21,3;743;0;180
2022;07;25;09;26,5;742;1;45
2022;07;25;12;27,8;742;1;135
2022;07;25;15;28,7;742;1;135
2022;07;25;18;24,9;742;3;225
2022;07;25;21;20,9;742;1;270
2022;07;26;00;18,4;743;2;180
2022;07;26;03;16,7;743;2;225
2022;07;26;06;17,1;744;2;0
2022;07;26;09;18,9;745;3;225
2022;07;26;12;20,9;745;2;225
2022;07;26;15;23,2;745;3;270
2022;07;26;18;21,9;745;2;225
2022;07;26;21;16,2;746;1;225
2022;07;27;00;14,8;746;1;180
2022;07;27;03;13;747;1;270
2022;07;27;06;16,5;748;1;270
2022;07;27;09;21,4;748;2;315
2022;07;27;12;23;748;2;225
2022;07;27;15;24;748;2;270
2022;07;27;18;23,1;748;1;270
2022;07;27;21;15;749;0;180
2022;07;28;00;11,6;749;0;180
2022;07;28;03;10,3;750;0;180
2022;07;28;06;17,5;750;1;315
2022;07;28;09;22,5;750;1;270
2022;07;28;12;23,7;750;2;225
2022;07;28;15;25,1;750;1;225
2022;07;28;18;24,4;749;1;270
2022;07;28;21;19,4;750;1;270
2022;07;29;00;15,7;750;1;270
2022;07;29;03;15,1;750;1;270
2022;07;29;06;17,8;750;2;315
2022;07;29;09;23,4;750;2;315
2022;07;29;12;25,2;750;2;0
2022;07;29;15;26,4;749;1;0
2022;07;29;18;24,8;749;1;315
2022;07;29;21;16,7;749;0;180
2022;07;30;00;12,7;749;0;180
2022;07;30;03;15,4;749;1;270
2022;07;30;06;18,6;749;1;315
2022;07;30;09;23,7;749;1;315
2022;07;30;12;24,1;749;3;315
2022;07;30;15;26,4;749;2;315
2022;07;30;18;22,6;749;1;45
2022;07;30;21;16,9;749;1;90
2022;07;31;00;16,2;749;0;180
2022;07;31;03;17;749;0;180
2022;07;31;06;18;748;0;180
2022;07;31;09;21,2;748;1;0
2022;07;31;12;22,5;748;1;45
2022;07;31;15;23,9;747;2;90
2022;07;31;18;21;747;2;135
2022;07;31;21;15,7;748;0;180
2022;08;01;00;15,2;748;1;135
2022;08;01;03;11,8;749;0;180
2022;08;01;06;14,9;749;1;135
2022;08;01;09;18,1;749;1;135
2022;08;01;12;21,9;749;2;135
2022;08;01;15;23,4;749;2;180
2022;08;01;18;23,4;749;1;135
2022;08;01;21;17,9;750;0;180
2022;08;02;00;15,1;750;0;180
2022;08;02;03;14,6;751;1;135
2022;08;02;06;16,8;751;1;135
2022;08;02;09;22;751;2;225
2022;08;02;12;24,1;751;2;180
2022;08;02;15;25,3;751;2;270
2022;08;02;18;24,2;751;2;270
2022;08;02;21;15,5;751;0;180
2022;08;03;00;13;751;0;180
2022;08;03;03;12;752;0;180
2022;08;03;06;17,1;752;1;315
2022;08;03;09;23,4;752;1;315
2022;08;03;12;24,3;752;1;0
2022;08;03;15;25,4;752;1;0
2022;08;03;18;24,3;752;1;315
2022;08;03;21;16,2;752;0;180
2022;08;04;00;14,9;753;0;180
2022;08;04;03;13,2;753;0;180
2022;08;04;06;20,5;754;0;180
2022;08;04;09;25;754;1;0
2022;08;04;12;26,5;754;1;135
2022;08;04;15;26,8;754;1;45
2022;08;04;18;26,4;753;0;180
2022;08;04;21;18;754;0;180
2022;08;05;00;17,3;754;0;180
2022;08;05;03;14,6;755;0;180
2022;08;05;06;20,3;755;0;180
2022;08;05;09;25,5;755;0;180
2022;08;05;12;27,3;755;1;90
2022;08;05;15;28,4;754;1;135
2022;08;05;18;27,1;754;0;180
2022;08;05;21;18,5;755;0;180
2022;08;06;00;16,4;755;0;180
2022;08;06;03;15,5;755;0;180
2022;08;06;06;20,7;755;0;180
2022;08;06;09;26,6;755;0;180
2022;08;06;12;27,9;755;1;90
2022;08;06;15;28,7;754;1;270
2022;08;06;18;28;753;1;135
2022;08;06;21;19,2;753;0;180
2022;08;07;00;17,1;753;0;180
2022;08;07;03;15,9;753;0;180
2022;08;07;06;21,5;753;0;180
2022;08;07;09;27,4;753;1;315
2022;08;07;12;28,9;752;2;0
2022;08;07;15;29,8;752;1;45
2022;08;07;18;27,5;751;1;45
2022;08;07;21;18,6;751;0;180
2022;08;08;00;17,1;751;0;180
2022;08;08;03;16,3;751;0;180
2022;08;08;06;20,5;752;1;0
2022;08;08;09;24,3;752;1;135
2022;08;08;12;27,6;752;1;135
2022;08;08;15;29;752;1;135
2022;08;08;18;28,5;752;0;180
2022;08;08;21;22,1;752;0;180
2022;08;09;00;22;752;1;225
2022;08;09;03;20,2;752;1;270
2022;08;09;06;19,1;753;3;180
2022;08;09;09;23,5;752;2;270
2022;08;09;12;27;752;0;180
2022;08;09;15;26,3;751;2;135
2022;08;09;18;19,2;752;1;180
2022;08;09;21;20,1;752;1;180
2022;08;10;00;18,8;751;1;225
2022;08;10;03;17,5;750;1;180
2022;08;10;06;17,4;750;0;180
2022;08;10;09;21;
2022;08;10;12;18,4;751;2;90
2022;08;10;15;20,1;751;2;135
2022;08;10;18;19,8;751;1;135
2022;08;10;21;15,8;752;1;135
2022;08;11;00;13,1;752;1;135
2022;08;11;03;11,9;753;1;90
2022;08;11;06;12,6;754;1;90
2022;08;11;09;17,8;754;2;90
2022;08;11;12;20,8;754;1;135
2022;08;11;15;21,4;753;1;135
2022;08;11;18;21,4;753;2;90
2022;08;11;21;14,8;753;1;90
2022;08;12;00;13,1;753;1;90
2022;08;12;03;13,5;753;1;90
2022;08;12;06;14,1;752;1;45
2022;08;12;09;18,2;752;2;45
2022;08;12;12;22,6;751;4;90
2022;08;12;15;24,4;750;4;90
2022;08;12;18;22,8;749;2;90
2022;08;12;21;19,2;750;1;45
2022;08;13;00;18,5;750;2;90
2022;08;13;03;16,2;750;1;90
2022;08;13;06;17,1;751;1;135
2022;08;13;09;19,7;752;1;135
2022;08;13;12;20,5;753;2;135
2022;08;13;15;21,7;753;2;135
2022;08;13;18;20,6;753;1;135
2022;08;13;21;12;753;0;180
2022;08;14;00;11;753;0;180
2022;08;14;03;14,4;753;1;0
2022;08;14;06;16,1;753;1;45
2022;08;14;09;19,6;754;1;135
2022;08;14;12;22,9;753;1;180
2022;08;14;15;23,5;753;2;135
2022;08;14;18;22,4;753;2;180
2022;08;14;21;17,8;754;1;225
2022;08;15;00;11,7;754;0;180
2022;08;15;03;8,8;754;0;180
2022;08;15;06;13;755;0;180
2022;08;15;09;20,2;755;1;180
2022;08;15;12;22,5;755;1;90
2022;08;15;15;23,4;755;1;135
2022;08;15;18;22,7;755;1;135
2022;08;15;21;14,3;755;0;180
2022;08;16;00;11,9;756;0;180
2022;08;16;03;10,1;756;0;180
2022;08;16;06;16,9;757;0;180
2022;08;16;09;21,6;757;1;90
2022;08;16;12;25;756;1;90
2022;08;16;15;24,4;756;1;135
2022;08;16;18;23,9;756;2;180
2022;08;16;21;18;756;1;225
2022;08;17;00;16;757;1;270
2022;08;17;03;13,4;757;1;270
2022;08;17;06;15,7;757;1;315
2022;08;17;09;21,5;757;2;315
2022;08;17;12;23,9;756;1;0
2022;08;17;15;25,5;756;1;0
2022;08;17;18;24,3;755;1;180
2022;08;17;21;14,8;755;0;180
2022;08;18;00;13,5;755;1;225
2022;08;18;03;14,4;756;0;180
2022;08;18;06;16,2;757;2;270
2022;08;18;09;20,2;757;2;270
2022;08;18;12;23,2;757;2;225
2022;08;18;15;24,1;757;2;225
2022;08;18;18;21,9;757;3;270
2022;08;18;21;16,6;758;1;270
2022;08;19;00;13,3;759;1;270
2022;08;19;03;9,3;761;1;270
2022;08;19;06;12,1;762;2;270
2022;08;19;09;19,2;763;1;315
2022;08;19;12;21,6;763;2;225
2022;08;19;15;23,5;763;1;270
2022;08;19;18;22,1;762;1;315
2022;08;19;21;11,8;762;0;180
2022;08;20;00;9,5;762;0;180
2022;08;20;03;7,5;763;0;180
2022;08;20;06;13,4;763;0;180
2022;08;20;09;21;763;1;180
2022;08;20;12;23,6;763;1;45
2022;08;20;15;24,2;762;1;135
2022;08;20;18;23,5;761;1;90
2022;08;20;21;12,4;761;0;180
2022;08;21;00;10,5;761;0;180
2022;08;21;03;9,5;761;0;180
2022;08;21;06;15,1;761;0;180
2022;08;21;09;22,3;761;1;225
2022;08;21;12;23,8;761;1;180
2022;08;21;15;25,4;760;1;225
2022;08;21;18;24,5;759;0;180
2022;08;21;21;13,8;759;0;180
2022;08;22;00;11,9;759;0;180
2022;08;22;03;11,1;760;0;180
2022;08;22;06;15,9;760;0;180
2022;08;22;09;24,2;760;1;315
2022;08;22;12;27,2;760;1;315
2022;08;22;15;28,4;759;1;45
2022;08;22;18;26,9;759;0;180
2022;08;22;21;16,4;759;0;180
2022;08;23;00;14,3;759;0;180
2022;08;23;03;12,7;760;0;180
2022;08;23;06;16,5;760;0;180
2022;08;23;09;25;761;0;180
2022;08;23;12;28;761;1;135
2022;08;23;15;29;760;2;90
2022;08;23;18;26,8;759;0;180
2022;08;23;21;17,6;760;0;180
2022;08;24;00;16,4;760;0;180
2022;08;24;03;17,8;760;1;45
2022;08;24;06;19;760;1;45
2022;08;24;09;25,1;760;1;45
2022;08;24;12;29,5;759;2;90
2022;08;24;15;30;759;2;90
2022;08;24;18;25,5;758;0;180
2022;08;24;21;18,2;758;0;180
2022;08;25;00;17,3;758;1;45
2022;08;25;03;16,9;758;1;45
2022;08;25;06;18,2;758;0;180
2022;08;25;09;25,3;757;1;45
2022;08;25;12;29,2;756;2;45
2022;08;25;15;29,8;755;1;90
2022;08;25;18;24,6;754;0;180
2022;08;25;21;18,6;754;1;45
2022;08;26;00;15,7;754;0;180
2022;08;26;03;15,8;754;1;90
2022;08;26;06;17,3;755;1;45
2022;08;26;09;23,6;755;1;90
2022;08;26;12;27,7;754;1;135
2022;08;26;15;28,2;754;2;90
2022;08;26;18;25,9;754;1;90
2022;08;26;21;16,5;754;0;180
2022;08;27;00;15,5;755;0;180
2022;08;27;03;15,8;755;1;270
2022;08;27;06;17,2;756;1;270
2022;08;27;09;22,3;756;1;315
2022;08;27;12;26,7;756;1;315
2022;08;27;15;28,6;755;1;135
2022;08;27;18;25,8;755;0;180
2022;08;27;21;17,8;755;0;180
2022;08;28;00;16,6;755;0;180
2022;08;28;03;14,7;755;0;180
2022;08;28;06;17,4;755;1;45
2022;08;28;09;24,2;754;1;45
2022;08;28;12;27,7;754;1;45
2022;08;28;15;28,4;753;1;90
2022;08;28;18;24,7;752;1;90
2022;08;28;21;16,8;752;0;180
2022;08;29;00;15,2;752;0;180
2022;08;29;03;15,1;752;1;90
2022;08;29;06;15,9;752;0;180
2022;08;29;09;24,8;752;1;45
2022;08;29;12;29,1;751;2;45
2022;08;29;15;29,9;750;3;45





2022;08;29;18;25;749;1;0
2022;08;29;21;19,9;748;1;45
2022;08;30;00;21,8;747;1;45
2022;08;30;03;21,8;746;1;0
2022;08;30;06;20,5;746;1;45
2022;08;30;09;22,4;745;1;0
2022;08;30;12;25,5;744;2;0
2022;08;30;15;22,5;744;1;0
2022;08;30;18;19,6;742;0;180
2022;08;30;21;17,1;741;1;0
2022;08;31;00;15,8;741;0;180
2022;08;31;03;15,1;741;1;180
2022;08;31;06;16,5;742;1;135
2022;08;31;09;16,2;742;2;180
2022;08;31;12;15,6;743;2;225
2022;08;31;15;16,3;742;2;270
2022;08;31;18;15,3;741;3;270
2022;08;31;21;15,9;739;3;315
2022;09;01;00;15,6;739;1;0
2022;09;01;03;13,9;739;1;0
2022;09;01;06;14,5;739;1;45
2022;09;01;09;15,4;739;2;90
2022;09;01;12;15,7;741;2;90
2022;09;01;15;17,5;742;2;45
2022;09;01;18;15,2;742;0;180
2022;09;01;21;10,2;742;0;180
2022;09;02;00;9;742;0;180
2022;09;02;03;6,8;742;0;180
2022;09;02;06;9;741;0;180
2022;09;02;09;10,9;741;2;90
2022;09;02;12;15,7;741;3;45
2022;09;02;15;14,2;742;2;90
2022;09;02;18;10,1;743;1;45
2022;09;02;21;8,7;744;2;45
2022;09;03;00;8;744;2;45
2022;09;03;03;7,7;745;1;45
2022;09;03;06;8;745;1;45
2022;09;03;09;9,1;746;3;90
2022;09;03;12;9,8;748;4;90
2022;09;03;15;10,9;748;3;90
2022;09;03;18;10,1;749;2;90
2022;09;03;21;6,6;749;1;45
2022;09;04;00;6;749;1;45
2022;09;04;03;3,6;749;1;45
2022;09;04;06;5,3;749;1;45
2022;09;04;09;10;749;2;45
2022;09;04;12;11,5;749;3;90
2022;09;04;15;12,9;748;3;90
2022;09;04;18;11,4;748;2;90
2022;09;04;21;5,5;748;1;90
2022;09;05;00;1,6;748;0;180
2022;09;05;03;4,8;748;1;45
2022;09;05;06;5,6;747;0;180
2022;09;05;09;8,7;747;0;180
2022;09;05;12;10,9;747;1;135
2022;09;05;15;11,2;747;1;225
2022;09;05;18;10,6;747;1;180
2022;09;05;21;8,1;747;2;225
2022;09;06;00;7,3;747;1;225
2022;09;06;03;6,9;746;0;180
2022;09;06;06;6,6;746;0;180
2022;09;06;09;9,5;745;1;135
2022;09;06;12;9,4;745;2;180
2022;09;06;15;9,1;744;2;180
2022;09;06;18;8,6;743;0;180
2022;09;06;21;7,3;743;0;180
2022;09;07;00;6,6;742;0;180
2022;09;07;03;5,7;742;0;180
2022;09;07;06;6,7;742;0;180
2022;09;07;09;8,6;742;1;90
2022;09;07;12;9,5;742;1;90
2022;09;07;15;10,5;742;1;45
2022;09;07;18;8,6;743;0;180
2022;09;07;21;6,1;743;0;180
2022;09;08;00;6,3;743;0;180
2022;09;08;03;6,9;743;1;90
2022;09;08;06;7,2;744;1;90
2022;09;08;09;8,6;744;1;90
2022;09;08;12;9,3;745;2;180
2022;09;08;15;8,6;745;3;180
2022;09;08;18;7;747;3;180
2022;09;08;21;5,9;748;2;180
2022;09;09;00;5,5;748;3;180
2022;09;09;03;4,1;749;2;180
2022;09;09;06;2,5;750;2;180
2022;09;09;09;7,3;751;2;180
2022;09;09;12;9,9;751;2;180
2022;09;09;15;10,4;751;1;135
2022;09;09;18;8;751;0;180
2022;09;09;21;6,6;752;1;90
2022;09;10;00;5,5;752;1;90
2022;09;10;03;5,7;752;1;90
2022;09;10;06;6,2;752;2;90
2022;09;10;09;8,6;752;1;135
2022;09;10;12;10,4;752;1;135
2022;09;10;15;12;752;1;135
2022;09;10;18;10,9;752;1;135
2022;09;10;21;8,7;752;0;180
2022;09;11;00;8,2;752;0;180
2022;09;11;03;7,2;752;1;90
2022;09;11;06;6,8;752;1;90
2022;09;11;09;8;752;1;135
2022;09;11;12;9,8;752;2;90
2022;09;11;15;9,7;752;1;135
2022;09;11;18;9,1;752;0;180
2022;09;11;21;4,5;752;1;90
2022;09;12;00;3,7;752;0;180
2022;09;12;03;2,6;753;0;180
2022;09;12;06;4;753;0;180
2022;09;12;09;8,1;754;1;45
2022;09;12;12;11,9;753;1;45
2022;09;12;15;12,8;753;1;0
2022;09;12;18;10,1;753;0;180
2022;09;12;21;7;753;0;180
2022;09;13;00;7,2;753;0;180
2022;09;13;03;6,6;753;0;180
2022;09;13;06;7,6;754;0;180
2022;09;13;09;10,2;754;1;0
2022;09;13;12;13,6;754;1;0
